{
  "input_path": "data/features/test/anomaly/Shoplifting_anomally_test/Shoplifting034_x264.npy",
  "feature_files": [
    "data/features/test/anomaly/Shoplifting_anomally_test/Shoplifting034_x264.npy"
  ],
  "num_feature_files_used": 1,
  "device": "cpu",
  "stage1_max_score": 0.9999997615814209,
  "threshold": 0.05209,
  "alert": true,
  "stage1_scores": [
    4.939716404805949e-07,
    5.570854227698874e-06,
    2.625260822242126e-05,
    0.9999990463256836,
    0.03011614829301834,
    0.9999997615814209,
    0.04517750442028046,
    0.9967778325080872,
    0.7796069383621216,
    1.3895922847950715e-06,
    0.9999996423721313,
    0.0005722786881960928,
    0.00010806708451127633,
    0.5468275547027588,
    1.341919642072753e-06,
    4.937911768365666e-08,
    0.0002550849749241024,
    2.1095975455409643e-07,
    8.819400676429723e-08,
    8.805724860394548e-07,
    0.6650222539901733,
    0.9030517935752869,
    0.0033275065943598747,
    1.4703719145026106e-11,
    1.7070443902866828e-07,
    7.596127282738507e-09,
    1.546146854991548e-08,
    1.0168891506623368e-08,
    1.9415257668242702e-07,
    3.138632109767059e-08,
    2.7715865144273266e-05,
    4.664931196884936e-08
  ],
  "stage2_ran": true,
  "stage2_scores": [
    0.0006341614061966538,
    0.00018627459940034896,
    8.864114352036268e-05,
    7.341841410379857e-05,
    6.771417974960059e-05,
    7.284752791747451e-05,
    8.331111894221976e-05,
    9.666472033131868e-05,
    0.00011382915545254946,
    0.0001376165746478364,
    0.0001713220844976604,
    0.00021381984697654843,
    0.0002550964127294719,
    0.00032531857141293585,
    0.0004069713759236038,
    0.0005060871480964124,
    0.0006623908993788064,
    0.0008903769194148481,
    0.0012485207989811897,
    0.001809878391213715,
    0.0026097861118614674,
    0.003881728509441018,
    0.005644691176712513,
    0.009193806909024715,
    0.016971223056316376,
    0.0337466262280941,
    0.09417235106229782,
    0.39849570393562317,
    0.8685417175292969,
    0.9733641743659973,
    0.9871359467506409,
    0.9870944619178772
  ],
  "suspicious_segment_index": 30,
  "suspicious_segment_score": 0.9871359467506409,
  "approximate_feature_window_start": 699,
  "approximate_feature_window_end": 722,
  "original_feature_lengths": [
    746
  ],
  "temporal_length_used_for_window": 746,
  "plot_path": "outputs/final_inference/Shoplifting034_x264_scores.png",
  "json_path": "outputs/final_inference/Shoplifting034_x264_result.json"
}